user_id,name,age,gender,monthly_income,monthly_expenses,savings,credit_score,has_loan,loan_amount,risky_financial_behavior
2f166b39-30ec-4553-9c05-65f1404095f4,Christina Davis,24,Other,23023,16635.9,16399.84,623,1,17422,0
9f2fecfa-2b17-476f-87ce-2521a1b6f5f1,Leah Carter,30,Other,36606,17224.64,15345.55,667,0,0,1
c4658af5-5488-4119-b99a-cba3814d1583,Travis Ramsey,19,Male,35809,20199.98,13759.51,827,0,0,0
9fa7ad8b-ebe5-4f15-bd56-b339efd98ea7,Tara Huffman,26,Other,23287,20871.1,15254.82,477,0,0,0
fc051c89-b3f6-4bfd-8175-172dc319a3e3,Marc Strickland,28,Male,38844,31633.16,26178.58,784,1,34989,1
e7371441-3de2-423d-8246-0256eeeaaf31,James Griffin,25,Female,13021,6205.37,4598.62,821,1,23596,1
a6c79e71-6300-4704-94a3-7a043cae711d,Brendan Williams,26,Male,22951,15617.17,13539.68,437,0,0,1
f2827c98-2965-45ac-9387-c67e4c524f07,Sarah Vaughn,29,Female,15015,13269.37,6380.65,389,1,45204,0
504f72b9-b7f4-495a-9a3d-c821fe16ac74,Victoria Zamora,23,Male,34950,15043.69,21520.55,639,0,0,1
ff05ad20-2d77-464e-8140-4c1514b6cee2,Jennifer Reed,27,Other,39130,34902.85,21899.33,807,1,25814,1
3a83796b-54d5-4581-9512-8c9fe9a3d1e8,Patricia Ford,29,Other,59511,30626.59,15926.0,712,1,48547,1
e146e475-48bf-450b-a67a-511268eb7363,Carolyn Lowe,28,Other,17706,10644.46,9799.36,591,1,19397,1
828a16bf-7389-4d99-bdb8-4e8dfb873ac3,Sandra Palmer,24,Other,37519,28090.49,21623.54,628,1,33506,0
a6f929ac-1152-4987-96cd-30bc84c73b1a,Tom Lopez,20,Male,26920,12117.87,16488.68,427,0,0,0
83cb655b-091a-4282-8cdd-2b1106fa028e,Jennifer Foster,25,Female,54201,26522.44,34394.19,402,0,0,1
f217ef30-4392-4472-8abd-21133391c413,Candice Yu,27,Female,59138,51127.98,29814.72,607,1,8018,1
dccd78d1-d74a-4c46-9876-76c0086c9278,Nicholas Davenport,22,Female,15619,12927.25,12275.81,435,0,0,1
4ea2d45e-e1a6-4850-8e95-9b4f029cd084,Makayla Edwards,20,Male,45908,39311.43,20149.8,562,0,0,0
2a065909-57ee-4522-885c-56911206c6d2,Dawn Jones,26,Other,52260,38095.29,22555.64,451,0,0,1
0cd5722d-c2d8-4c64-a0e1-1d00012d5ed4,Gina Gutierrez,21,Other,43621,34749.49,17049.09,643,0,0,1
d758f162-9fde-4675-b6d7-ba370ab775e0,Todd Richards,19,Female,18370,10462.29,8301.84,311,0,0,1
473013be-30e5-4faf-ae2e-32cdeb9b9eec,Phillip Montgomery,28,Other,18945,13700.0,2614.41,807,0,0,1
a74b8227-f8d5-4ea8-83aa-54dbc7786906,Marc Kim,22,Female,46093,37568.89,9917.07,377,1,39634,0
668d386e-16eb-4993-9065-6f350c8126ea,Anthony Mitchell,21,Other,26077,14859.19,3795.34,335,0,0,1
6090d1fc-b825-4203-bd32-c0201b8e7ab0,Randall Herring,20,Male,30019,25308.9,18438.65,713,0,0,0
6fab711d-d927-422f-9d75-4095ef8902e9,Sally Gonzalez,30,Male,33096,20127.91,18847.33,311,1,9840,0
fb1052c7-05ce-43b8-b6cd-f46056b3b5d7,Veronica Dillon,24,Male,47373,18971.01,30860.92,487,0,0,1
25f8c74f-f59f-4b1b-865a-581fbbe16c92,Charles Rogers,22,Male,16035,11754.11,3363.48,615,0,0,0
7a6277c2-70d0-4c9d-b432-20a68deb735d,Jacqueline Smith,24,Female,17743,14105.0,2979.17,508,0,0,1
dff1f665-f05a-4fd1-8993-8d1ec10c8eed,Daniel Burns,26,Female,15032,10094.61,7614.27,615,1,15195,1
4790a610-6d22-4363-8cb2-e6a5bd618e24,Margaret Mcdonald,30,Female,15310,12116.44,1793.86,354,1,15880,1
e6d343d2-9998-443f-aa40-27ed1b03c520,Eric Williams,24,Other,20934,18480.72,4906.91,810,0,0,0
837006a0-652c-4f5c-ab40-387250284184,Pamela Steele,20,Male,49913,31638.2,11049.57,537,0,0,1
195747a3-b0ff-45a3-87c0-8da523371c48,Sarah Reynolds,26,Other,48143,31656.96,23489.25,508,1,41893,1
8970433f-ca18-4edc-8458-c590c1113f3d,Jennifer Schneider,18,Other,46239,35236.56,21939.06,691,1,33474,1
fa08b7fb-4881-4e4d-b093-d166758d70b9,Charles Arnold,22,Other,16676,11188.18,2323.41,373,1,41207,1
5b196ad7-8765-4d40-acb7-e8a47a693c3b,Shannon Huff,21,Other,22276,13866.63,17014.31,633,0,0,1
7ce23b44-5a26-4aca-8884-bd910cd19343,Neil Alexander,24,Female,43370,25480.15,32981.04,360,0,0,0
0bcb87c7-301c-442e-871e-a3b9136af15a,Eric Murphy,21,Male,49769,44171.25,22069.44,401,0,0,0
22ad3072-b2a6-4ab3-9830-3e4f4e46ca6f,Joshua Lang,24,Male,21704,10781.48,13717.42,697,0,0,1
af78c166-97bb-4d3e-89cc-6f3b2f40e4cb,Kathleen Miller,28,Other,29657,11873.92,17414.46,737,1,40139,1
da0fc380-61f2-49a8-a27e-c1bbfc8a005d,Terri Little,20,Female,14055,11917.56,3218.24,825,1,17967,1
c49ac8e1-7325-4677-a8ec-46e8e2ded2ee,Jennifer Moran,23,Male,42437,31560.37,13853.39,769,1,32780,0
e591ae53-0b81-4c85-8df1-02f20552887c,Bradley Baker,25,Male,25020,13702.57,12208.37,829,1,43507,0
5224aa52-1ac5-42de-8e20-3f1832ba290b,James Carlson,30,Male,58422,33827.85,23217.23,831,1,27958,0
ae16976e-22ac-43ac-9b50-498cf3fa2c5b,Ms. Sharon Jones DDS,22,Male,33323,15552.24,19720.25,844,1,14097,0
324a51d6-7618-42a8-a0aa-fa1067cc73d1,Elizabeth Williams,23,Male,51790,40074.51,22229.38,768,0,0,0
d3c25ce6-5ad6-487f-be37-4f787e303cdc,Terry Stanley,26,Male,33419,15113.22,25400.15,361,0,0,0
109c9094-5fe6-4504-983c-7ea88e611785,Jonathan Floyd,21,Other,12252,10824.94,7343.45,571,1,35542,0
5d243fcf-c835-43bd-b991-b2cc595151f9,Lindsay Rodriguez,23,Other,58030,28949.78,39378.42,533,0,0,1
8dc852d5-96ee-4d3a-870f-4e9e5e1961e2,Jonathan Wright,23,Male,34028,24804.61,20276.04,357,0,0,0
87b8e83a-5e1e-441a-8bc2-8f4736ce66ea,Walter Sanders,18,Female,30558,14224.29,3755.16,567,0,0,0
e3cd93b5-a1bd-49d1-b692-f912d10c7909,Billy Ibarra,24,Other,21433,17973.74,11389.14,405,1,39503,1
2c927e59-f12d-4023-9df7-c4000563e95d,Ryan Kelly,21,Female,42408,23143.64,24157.58,370,1,22493,1
f11bf3aa-ef91-4f5e-9ae1-a0830799c349,Carol Jones,18,Other,49716,37291.64,37133.3,757,1,14936,0
916a9d36-8f7f-4be5-8715-83cdcfe20ab7,James Moody,21,Male,36939,23667.19,6522.84,805,0,0,1
1b626707-c375-4f0c-b698-a77f1a049544,Andrea Graves,24,Male,47591,36648.89,27261.88,777,0,0,0
d3e747d1-cc5d-4329-b119-9294c99ce793,Timothy Holland,21,Other,26373,19267.69,7461.33,677,1,17988,1
977069a6-a88e-493e-b178-9161c5dd25e0,James Porter,21,Female,19776,14519.01,15819.88,621,1,40193,0
54c961fc-67d7-4adf-98fd-9015dccdafef,Emily Morales,29,Male,40199,29603.02,17803.98,392,0,0,0
8834e7c2-40db-406a-995a-b8a9a59479e7,John Gaines,24,Male,47707,26502.12,16584.99,674,0,0,1
e4a37095-7aa6-490c-8a99-0e26c8230cf8,John Barnett,21,Female,25565,18771.13,10625.38,614,0,0,1
1c34693a-89c0-4351-a623-7b5a86e46284,Billy Schmidt,23,Other,28771,23495.23,21158.61,496,0,0,0
d7e2c3c8-d8d3-4980-b966-d4cdad6c84e0,Fernando Reese,23,Female,14383,6828.57,3734.22,736,0,0,1
fa18f0b5-4421-4a4e-a2cd-dadf759a2f68,Rebecca Dean,29,Female,49841,27323.02,36251.56,755,0,0,1
b2ad7be2-5605-4f5b-a8b0-520babcfd699,Carol Smith,23,Male,30025,26976.92,16982.73,839,0,0,0
f2c32c62-d4a4-49f9-8112-1bde650a7af3,Diane Potter,18,Female,57671,34503.24,28101.37,775,1,43477,0
ee78e31f-31f0-46bf-8338-b8879aa85caa,Sean Wells,18,Male,56627,24248.06,28211.04,796,1,41793,0
44462ad5-0dd0-4aac-9b07-fdb25a13323b,Stacy Lawson,18,Female,53732,37426.97,19199.62,712,1,26502,1
2138a9e5-b133-4e4b-b289-1febb95c979c,Matthew French,29,Female,19586,7964.96,11500.39,723,0,0,1
a828c4ab-427c-4b4f-a1d5-a4a05b9fb026,Steven Hays,18,Male,42721,18473.62,19876.65,781,1,49895,0
2de27079-63e7-4186-b78f-65d1a3a07e70,Mark Fowler,28,Female,22607,15973.06,9265.12,665,1,31782,1
3949df28-6ee9-4ac1-b0d3-8e9a5bf4eb1f,Austin Butler,21,Other,24219,20923.38,11583.28,529,1,28361,0
38b2c63f-7dbf-4884-bbcd-440fdec18618,Elizabeth Roberts,24,Other,24834,11300.36,10959.49,509,1,42789,0
a5c3d27c-4f7e-4c44-a61e-9b089f1c8e22,Brandon Espinoza,25,Female,52038,33604.47,6258.02,437,0,0,0
90f98152-0835-45c4-9b15-649c10f2543d,Matthew Blair,21,Male,38661,16539.98,5616.5,494,1,44675,1
649285cc-3cd8-4818-a5e4-d5c5fab7c643,Stephanie Hawkins,27,Female,57144,27733.4,32826.09,482,1,36542,1
ec52aff3-0c7e-4958-8938-eaec16efebc0,Kimberly Fisher,23,Other,38023,18713.87,24064.65,773,1,20584,1
4d645d68-e86d-4c60-97ab-06257f7b4ed5,Christopher Reese,24,Female,19076,16279.62,6784.39,463,0,0,0
1b836d9f-fb22-4536-9a3f-688ec972b776,Christopher Russell,21,Female,31682,20654.06,12662.62,495,1,37303,1
fb0fb21b-92db-4e5d-9be8-ef86e0a048c3,Ian Hall,18,Female,37537,32435.86,13777.62,506,1,40398,0
2e33b3ad-7085-49be-b674-ef7da49b6e89,Dawn Sanchez,22,Other,56721,28379.96,40071.85,699,0,0,1
c7e94f67-8d93-469c-882c-d482ac72f493,Kathleen Hill,22,Other,32893,22496.76,14064.01,677,1,19029,1
5d39b5e9-d642-4826-8174-edc4c17f6dfa,Tara Garrett,20,Female,42691,18826.32,5120.27,794,1,45241,0
05c196f0-43d5-45c0-ac71-9f728f65b975,Mr. David Aguilar,24,Male,55766,49381.03,41654.72,617,1,39057,1
262d07c5-5b23-4a5e-9229-c28843996365,Carlos Valdez,20,Female,28756,18709.02,22051.58,529,0,0,0
7e913992-794b-4d12-91b5-f2aaa56d2bfa,Raymond Reynolds,22,Other,53380,34700.02,8974.69,648,0,0,0
88ef37c0-7a86-4ea7-8d5d-41545dff58da,Mark Brooks,28,Other,53236,34130.59,36717.63,378,0,0,0
a313875c-b12e-4d71-9e3c-e49d44d7e7f7,Jacob Berger,23,Other,41384,31019.38,13913.57,398,0,0,0
6b877805-b0aa-4df9-8c6f-f69c38bb188f,Jennifer Weaver,26,Male,16389,7671.85,11792.16,465,0,0,0
a43bfff2-be5b-48bd-8050-783af922ef90,Diana Holloway,27,Other,51059,41659.17,7708.28,454,1,12772,1
7d758e7f-ab30-4736-a09c-b40531d51ee7,Michelle Thomas,24,Other,42597,19586.57,16097.92,802,0,0,0
cad6dc3a-50ce-4db7-b5e0-325c93e74216,Lauren Bolton,24,Male,27650,20989.57,13513.42,490,0,0,1
e68aff48-5e28-48d3-aa51-13fc89be2390,Dr. Shawna Miles MD,30,Female,48323,19924.51,18292.86,472,1,10747,1
2cd3314d-2fa8-4845-8e5c-1a053d4870db,Stephen Fisher,22,Female,54054,38650.62,34967.43,506,1,38434,0
f529515d-595d-441c-aef5-abf8fe7f1400,Ian Young,22,Other,43292,26685.55,19931.19,695,0,0,1
94d658c3-23f9-43d1-8b8f-f4931411dbf3,William Dennis,21,Other,19662,11263.66,2280.41,780,0,0,1
43b6bb7d-4121-4368-9763-120ac39ac726,Johnathan Edwards,28,Male,55737,29355.71,17277.65,539,1,27234,1
a0cddae6-3cc1-420c-ad02-0babfda4206b,Felicia Rodriguez,21,Female,28975,22872.19,21387.33,377,1,32379,1
f94b2ed5-ac2d-4b20-bdba-329e1728a224,John Donaldson,22,Male,55435,36031.77,8367.24,663,0,0,1
8e1ef1ca-b87f-4175-af39-0892a538f28b,Matthew Williams,26,Other,50191,42898.19,34702.67,451,1,18928,0
7c73a2e6-1764-4ad3-9c8f-d5f3e7655716,Amy Mccormick,19,Other,55385,28672.8,33117.87,758,1,39484,1
4c49eb86-d81f-4804-9c1a-1c84497872e9,Daniel Rodgers,26,Other,41383,22192.64,18598.04,825,0,0,0
badbef0c-f59a-43f3-9482-06739c378b49,Jacqueline Randall,28,Other,48748,38697.03,26566.92,382,1,18803,1
7d90c608-3839-4916-bddc-a019ad5a9f7d,Edwin Chase,20,Male,24653,20869.68,11279.15,377,1,19721,1
f3b66ac9-7d63-4baf-aee5-893c32e20f88,Joseph Rosario,26,Female,30922,23425.77,14318.55,315,0,0,0
021ec1e9-620d-4e66-847b-1a437881e7d5,William Brown,24,Male,45628,20800.85,9277.04,581,1,44026,1
38fa7051-8e1d-496c-88c3-8e19ce53fb60,Mr. Isaac Owens,27,Male,24256,15549.75,2832.07,381,0,0,0
5b937e18-137f-44c9-a31c-f8b6c30912a2,George Allen,18,Female,19104,12698.91,11810.97,315,1,44483,1
0a82fba9-6ebe-4c04-80da-e298108a2f2d,Ann Martinez,26,Male,57223,43814.87,38772.48,528,1,35005,1
fa0422b4-7e0e-469c-a647-80eb97f55a90,Jennifer Parker,20,Female,11376,7248.53,8236.25,341,1,17754,1
eb7cf914-c6e7-4bd3-92a7-d73bbbbbe86b,Michael Chavez,22,Other,51050,45304.66,15767.28,628,0,0,1
a23538b4-c44c-46a1-9942-c0a53b2df09e,Katherine Reed,29,Other,24833,19560.68,4291.21,681,1,28447,1
868609ca-5384-4f8e-b633-d24753a781a7,Ann Preston,28,Other,27155,20365.82,17368.71,511,1,36055,0
c58c0b55-42e7-49d3-b984-75e71f3af1bf,Sheila Tate,23,Female,52272,22316.36,16557.79,404,0,0,1
de90383f-bdc0-4279-b8ac-f30717de58a3,Jerry Smith,24,Female,32018,23859.25,19723.47,348,1,37358,1
642e47df-664a-4e40-bd18-b4901d8f11dc,Matthew Jones,28,Other,52352,40675.58,18860.0,459,1,34327,0
504d126e-3537-4e92-9dcf-b9705acd54aa,Bryan Neal,30,Other,26745,23099.86,12738.6,396,0,0,0
4062913d-a0b8-462f-a53d-3698de662a36,Jennifer Hamilton,28,Male,53770,41362.97,8311.43,542,0,0,1
5ba2dfa4-e9bd-4b0e-a96b-e011d9072677,Randy Adams,26,Female,32036,27254.24,17022.53,720,0,0,1
19bd59dc-4d35-4294-a378-0f2a94d3bb62,Peter Garrison,23,Male,29728,25162.38,22887.51,640,0,0,0
0d08c82a-2d6f-49ec-a27d-ca06f55d3150,Ryan Knight,26,Other,41573,28422.07,25296.18,834,1,8884,0
e2b758ce-de78-44b6-88d6-469422a1a9f7,Gabriel Cruz,29,Female,23627,15891.47,15142.04,835,1,11096,1
404cc04a-2397-40f7-a7c4-bc12ff6b2034,David Jordan,22,Other,46763,27031.63,10283.24,333,1,40427,1
10ab67eb-6197-4902-8cbf-62db9621fcbc,Joseph Nguyen,23,Female,16386,11509.89,4528.4,842,0,0,0
4f8900fa-a803-4cfd-bcc7-0c4234089fd6,Barbara Guerra,21,Other,52954,37287.25,41405.36,681,0,0,0
3aa8dc35-77f5-43b4-94a1-80d34c351a87,Nathan Yoder,25,Female,58108,45925.97,29300.56,812,0,0,0
6d3ffa9b-72bb-43cb-810b-d185e4646352,John Chang,27,Other,44489,27284.33,7840.71,739,1,13690,0
88d31bb8-8d05-4c20-b338-e672c1bd5b49,Anthony Garrett,19,Male,34403,24249.44,7958.16,668,0,0,1
05e39914-77aa-480d-b6e8-8130b2db5b91,Angela Rose,18,Female,18876,14472.56,9244.05,500,0,0,0
52c63260-d513-4771-9c30-ed090439790d,Thomas Conner,28,Male,40633,34732.85,28064.34,372,1,9493,1
f9783696-4fd3-4902-b608-7adb0be8f5a8,Anthony Barron,28,Female,54440,32357.48,41346.18,465,0,0,1
85d6bd56-2c31-4979-80c1-ed38f325c666,Carol Welch,20,Other,48311,30325.59,10202.37,586,1,20395,0
28c9572f-1c8d-44dd-837a-ce048825a8e8,Christopher York,28,Female,11784,8095.65,6076.2,711,0,0,1
48bbd090-f24c-413b-a49f-3fe1be7c7bb3,Sergio Holloway,25,Other,51169,45124.87,33490.82,739,1,44691,1
bad18b4c-d9e4-473f-8e15-558b6ac4630b,Dana Gibbs,27,Male,58299,27277.33,27491.49,689,1,43204,0
e7ca08a6-7138-467b-b0d6-5c4d4320bdf4,Jesse Snyder,23,Female,38197,21656.47,11679.67,662,0,0,0
c396b72a-73d5-44b8-91cc-85c384f55568,Christina Jones,22,Male,47017,37063.76,25682.97,544,0,0,1
c6087d09-3d06-42a5-a706-929224429574,Natasha Ramsey,21,Female,37826,18775.94,29668.16,710,1,20879,0
d269a84e-7a37-41ac-b600-91221c482ba7,Mary Nelson,28,Female,45187,31667.71,24516.81,581,1,42139,0
c92ba0a1-c8f0-4457-ae75-2148aa68ae78,Matthew Rodriguez,26,Male,49798,41559.69,20922.44,680,1,5241,1
8928f264-8257-487b-8b32-0f698f37959d,Michael Turner,19,Other,14074,7533.08,10232.48,575,1,37274,0
39acacb6-10b5-46da-a116-1f77620671a5,Kenneth Barber,24,Female,53971,44755.89,13011.84,384,1,42562,0
88cca02e-eabd-4de9-a413-bdae4a9024cc,Timothy Martinez,23,Male,45677,27536.3,11853.65,519,1,28069,0
540130df-f4a3-4784-a7ff-9cb7e5e3a0ed,Elizabeth Vasquez,19,Other,30923,17620.68,18247.61,661,1,42929,1
fe4794a4-7394-4b25-bf03-33b4c0cb3221,Ricardo Johnson,27,Female,31053,26257.82,8581.91,405,1,7912,0
71a92b4d-75d4-4558-8285-949538216e70,Stephanie Wallace,30,Female,48027,24650.87,8277.25,535,1,45856,1
5388c663-446b-464b-adfc-8f5832612cb7,Tammy Bailey,23,Female,11236,5516.64,8776.8,339,1,17532,1
c668b662-ce69-4c25-b1a9-085bb884a3a2,Theresa Bradley,19,Female,30807,14138.21,4491.1,363,0,0,0
421ee79c-d6f3-48ba-a93e-edb3a8a4fbc2,Frank Bailey,27,Female,39523,20325.11,24145.11,632,0,0,0
9eb4de67-8ffb-41de-bc0b-8e18c6286392,Marcia Sanchez,29,Male,13282,11828.0,8329.72,409,0,0,0
40b36ab9-0297-4947-b3b2-c97f802644be,Daniel Miller,24,Male,24342,11887.46,5063.29,473,1,40602,1
48476e26-4740-4400-96f3-fa4420e49362,Kimberly Harris,25,Female,22032,9386.62,10163.14,729,1,5820,0
95688033-561a-48a8-8d9c-b17de78b4a6b,Robert Houston,30,Other,49663,38024.86,21114.75,400,1,36348,1
b6480303-7686-4cf9-a7b4-79bbc5c84f3d,Lori Brown,25,Female,44536,24098.04,21142.41,443,0,0,0
191b0cd2-e067-4793-a17c-2ede85c433ee,Erin Weaver,22,Female,25447,10208.69,6119.12,826,1,17172,1
15296a6f-d49a-46f1-b936-eebf344fe802,Alexander Patterson,24,Female,18513,11388.24,3613.63,734,1,39340,1
be5a456e-d5fd-4383-b253-ca0b07771184,Jason Hubbard,27,Female,56399,40553.04,15931.51,552,0,0,0
f970ff68-67b7-40cb-a807-5beed933950d,Emily Gilbert,24,Other,14414,12606.55,7051.15,703,0,0,1
3946ddba-ca00-4b7a-af64-07928d1a5e93,Patricia White,28,Male,41284,33879.56,18013.02,322,1,21742,1
1e7402c0-fd48-47ce-bdc0-2f469c58c363,Katie Rogers,19,Female,19828,10536.29,4707.26,523,0,0,1
10495fd6-7b66-4312-a3e3-c956d3bedb0b,Mark Thomas,27,Female,22174,9879.18,12928.43,317,1,22724,0
d373b778-3621-4eac-8a30-49b9a73675e6,Cindy Garcia,21,Other,38590,21590.9,30066.21,313,0,0,1
825e8188-4960-4154-a647-b6f8aac0f236,Cheryl Lane,27,Female,34916,29055.02,11050.47,301,1,16731,0
cff135ab-e1f5-4ca2-b783-664d3f84fe11,Kim Wilson,29,Male,28427,11589.44,18646.46,758,0,0,1
8d3ae67c-a1e6-4363-a3c1-b29101abd8c5,Michelle Scott,18,Female,41359,16975.1,32932.82,746,1,42194,1
4eda0623-50a7-4d2b-905d-2de95f44e884,Mark Sanchez,18,Female,21692,11170.55,17037.27,764,1,31746,0
5a8e7aec-a7e8-4883-a348-e82acc26df8e,Tara Peters MD,27,Male,34894,26199.44,12214.8,361,1,30478,0
a02d3877-d46a-4419-aabd-02e75064f63b,Mrs. April Hernandez,23,Female,55171,49322.23,7485.15,375,0,0,1
35e4536f-ddb3-4910-ab84-48c33bb4fd66,Debra Gonzales,19,Other,19318,14620.97,4394.27,318,0,0,0
9764c194-2def-4011-bd89-f670893c65f3,Jamie Rice,28,Female,44266,29668.84,15004.66,559,0,0,0
9fcc259e-be94-44ab-82c0-0f9fe1d59fba,Stephen Walters,26,Female,29032,22227.69,9713.52,618,1,47540,1
2ebf95fc-6bed-4ad9-93a1-b969950234d7,Daniel Thomas,23,Other,37270,28187.98,26253.02,720,1,29899,1
39fadc88-40fd-4f1b-9ec0-6ef31d40b766,Chad Johns,28,Female,24048,11960.51,3658.33,336,1,30395,1
57361406-a6fe-4e18-9be1-80bc91f2398d,Stephanie Adams,30,Other,32917,13613.29,10749.4,826,0,0,0
3860ea84-ea74-4620-b432-40a638f3a99a,Meghan Mendoza,21,Other,13368,7364.52,9760.56,733,0,0,0
048ac6f2-b59e-4ac8-9152-d1aa72dcd058,Mary Ross,26,Female,35873,24741.05,18750.41,570,0,0,1
83946302-9aba-4973-9186-ae5054e55076,Carlos Russo,25,Other,57881,32558.96,38405.53,388,0,0,0
90d42852-4418-4c48-9b31-cbfaf125086c,Miranda Wells,30,Other,29299,24804.85,5636.9,780,0,0,0
5efa43b1-910f-414f-9be9-84a1ce2815fd,Patrick Peters,26,Female,53104,28314.77,42419.8,659,1,13507,1
efbaab3e-4680-4f93-8e93-4c5772becec5,Kayla Wright,23,Male,30838,22883.54,5683.89,313,0,0,0
0ef0ad06-4935-4266-a0da-0176796417e0,Kelsey Ashley,21,Other,19703,12758.35,6075.51,658,0,0,0
fbca8213-a783-4bf2-a84f-9e1efb75ea7c,David Smith,28,Other,16157,10376.82,9701.9,372,1,42129,0
ab4d1e99-acb2-4859-aa24-caac72e43ed5,Jamie Bryan,20,Male,52771,27576.9,35023.35,425,1,23472,1
0a46d401-2b6b-4014-82ce-e1af460b5e2b,Catherine Nelson,20,Female,22245,14385.59,8296.92,481,0,0,1
c15a52e7-3516-4308-b85c-7781ba13ed3a,Stacey Hubbard,27,Male,52994,36091.33,25180.04,816,0,0,1
7922c651-85d4-4311-b997-1bcc40ae62f7,Roy Rodriguez,27,Male,56443,27557.34,27017.54,824,0,0,1
1b0c67cf-0dd5-425a-8ec8-ed47af3b787f,Julia Zhang,18,Male,24354,15939.82,17177.35,552,1,24855,1
8e995dce-2725-401f-8911-590832c8ecc0,Sally Sherman,24,Female,35891,27919.15,25756.0,450,1,18755,0
52d7f1ad-8fb9-4b43-a490-6ae742990fe4,Steven Bates,27,Other,12712,7907.2,8375.72,338,0,0,0
d60fa1f0-165e-4a92-b299-bfee01491354,Kevin Stewart,22,Female,34349,28119.36,8708.02,357,1,49329,0
939c0bce-98f3-40e7-ac11-7aead943797b,Sarah Martin,18,Female,56409,33949.45,13133.6,421,0,0,1
ec8b3888-8d31-4d09-8ac7-eda2e6df33e3,James Johnson,22,Male,48598,34022.04,12935.16,459,0,0,1
4eff889b-5391-4717-bf1d-a52f6bf37c14,Cole Rhodes,19,Female,54074,46528.78,31443.28,628,1,19111,0
6459562d-30e1-489a-ba2f-dfac1996aa8c,Peter Hale,23,Male,26675,20750.37,4860.27,839,1,32046,1
4642d1a2-7864-4d55-9688-f0df055309a3,Victoria Taylor,24,Male,18436,15902.64,7132.48,831,1,39342,0
b0ce4642-4f1c-471a-87e0-c7da2adbbfea,Terry Brown,26,Other,49084,27351.52,14564.77,816,1,16867,0
866f640b-1b9f-4774-88ed-d897a4658a55,Margaret Wilson,28,Other,27500,13908.52,19528.85,773,0,0,1
f50c5862-8228-4f7a-86d0-050a76001069,Heather Tran,24,Male,57753,44939.8,9441.55,770,0,0,0
3dcc5108-7232-4cfc-b66a-90046778e2d6,Natasha Roberts,28,Male,20162,14398.5,5184.07,312,0,0,0
05ab2341-db39-4517-9097-94fc9ee95534,Crystal Barnes,24,Male,21217,10156.44,4978.84,534,1,44311,1
3f7cb90c-4c1c-4338-a027-0871f48e4f95,Elaine Kim,22,Male,32145,20210.11,15432.41,381,0,0,0
c8c8a99c-693c-4716-bf5c-9e6365efd55e,Susan Jackson,25,Male,20175,16509.38,5814.91,587,0,0,0
82f81100-57c3-4684-b9c1-c8034117124e,Daniel Nelson,21,Other,38966,32521.16,9825.36,326,1,41721,1
d13b36fa-f95a-4729-844d-0aab3db7e6ce,Angela Bailey,19,Other,32723,14574.04,19728.26,455,1,24837,0
40bf15de-7f98-48a6-8067-92de20848b5c,Patricia Hernandez,19,Female,25890,10998.04,15821.96,413,1,9379,1
e655e26a-eea6-432a-91cf-0871f2855706,Diana Price,18,Other,53073,40388.73,11083.78,796,0,0,0
5160015c-5d2a-4273-b406-cccaacdfabd4,Matthew Rice,18,Male,52833,29124.57,27796.9,730,0,0,1
5eece607-eba6-47c7-8903-e5376d35a6e6,Anthony James,25,Other,56981,27411.03,33735.2,850,0,0,0
7f39baa7-27ec-4e6d-9508-cc5276adbe61,Brianna Martin,24,Male,40233,33271.15,15927.08,456,1,15236,0
3d70e96a-b4e0-4fc8-95f7-d7a25d530549,Colleen Erickson,28,Female,55028,39826.57,35206.14,548,1,36418,0
c24db994-263b-4296-a9a1-585a8a14975a,Rebecca Greene,24,Female,13179,7244.64,4475.38,532,1,48946,1
4c94bf28-20a2-4199-abc6-ac4dad364a58,Randall Hurst,23,Female,19120,9174.07,5335.09,833,1,47818,0
f572b499-65fb-49c3-b5b6-1089290ab838,Sarah Estes,30,Male,33446,19058.73,23756.96,553,0,0,0
2e5eb09d-535d-4088-8fbf-1a94fefc5e23,Brian Hamilton,25,Female,30188,18470.21,9700.27,612,0,0,1
6c7cef3f-0c99-4326-960d-33b88a2164af,Isaac Mclean,24,Female,41758,17019.97,15305.89,826,0,0,0
5548e737-9613-4ed1-a921-e3ca6278b611,Leslie Johnson,19,Female,10655,5337.48,8320.4,765,1,10296,1
f8a77022-eff4-452e-bcd0-3af12f589aa4,Bryan Cox,27,Female,51137,34750.23,16635.33,533,0,0,1
493dcc2e-2759-4280-b95c-30690f824262,Linda Harvey,30,Male,57532,50127.97,31297.57,656,1,10967,1
7eaf3b26-fc10-4b6e-a28d-b97b6ead5a1c,James Hill,30,Male,39498,23070.99,23934.38,328,0,0,1
6dcc0b1f-adb5-4668-b54e-71f49c9d9b80,Claudia James,29,Male,54998,44889.16,29045.61,722,0,0,1
62c16959-fe3b-4fda-99ec-2cb4017386d1,Jill Swanson,18,Female,49335,35774.47,17890.07,752,1,36161,1
576200fa-10b1-4875-b371-2bba4df695d4,Andrew Harris,23,Male,40944,26213.0,25878.61,637,1,9533,0
e8d28f59-25d1-426c-a706-4c5489939118,Daisy Frye,23,Other,43387,38258.44,32066.88,387,0,0,0
bbb39857-a9ae-4729-a944-f425656bff53,Mr. Vincent Petty MD,25,Male,47211,29380.26,31106.07,403,1,40390,1
0e638cd3-df93-4e08-b12a-49e0b6e8eecf,Richard Peck,25,Other,52348,32364.82,36538.11,676,0,0,1
6277d59b-cd62-4ccc-bd40-102a6efeb2f9,Robert Allen,29,Female,11378,4938.8,7713.93,367,1,48679,1
483228c8-7af9-4c36-8513-ec312ffa3150,Angela Bowen,29,Other,28648,16392.82,18398.33,724,0,0,0
5e1652fa-fb9a-4769-bfae-87b3223405ba,Carl Marsh,26,Female,33943,19977.14,16255.51,839,0,0,0
e7f92341-b6b4-424f-85e6-4281ad9dd931,Daniel White,18,Other,54413,41606.71,40194.25,379,0,0,1
d31bcc0a-7429-41a1-b62d-850c6dc87a23,Diana Kelly,19,Female,25271,10974.45,2862.3,344,0,0,0
c0342d8e-dd10-467c-a18b-e2ea35f56b03,Brian Woodward,20,Female,11979,10330.11,2565.85,616,0,0,1
4474e564-d4d9-4437-8394-e72f4bb828f7,Amanda Powell,22,Female,34200,16034.46,14354.26,731,1,16110,0
5963568d-08d8-43a3-a1c4-1916d390245c,Ryan Flores,28,Male,53101,38592.31,13349.91,323,0,0,0
02dbfe0f-e618-47ce-9b56-903b4cbc5d0a,Debra Farley,23,Female,51760,43637.81,38681.13,640,0,0,0
a7dd81db-db88-4287-b587-a056c6894c77,Julie Rogers,24,Male,15596,13753.25,7733.63,469,1,24605,1
c0e8120c-1c1b-4ddc-b84f-777e296a2a9d,William Buck,21,Other,34933,25656.33,22541.09,794,1,24498,1
ffa02bf4-d071-4493-8137-912d18417ef6,Gabrielle Williams,29,Other,30060,20646.67,3102.85,687,0,0,0
6e6aab8d-1ff7-4d01-8449-58dae91d56bc,Stephanie Burns,23,Other,11406,5079.99,9107.75,348,0,0,0
1e70d0f2-2642-4cc7-83d2-2bf13faf3784,John Payne,20,Other,20790,13964.45,15627.44,450,1,49214,1
afdf55a1-e341-47ee-b801-0b8107223382,Zachary Morris,24,Male,14791,10260.61,7381.83,616,1,36194,0
d6ab057d-3e87-4cd7-a481-f8f4b69c3a65,Robert Mckenzie,19,Female,19523,7940.42,2249.06,785,0,0,0
894e359b-faf7-42a6-b0d3-96f1fe40c37c,Anthony Rivera,29,Female,12060,5393.33,5159.08,312,0,0,0
33a7586c-6c3c-4488-bbe4-06b911131a78,Ashley Cox,19,Other,53423,31319.09,30960.27,651,0,0,1
12e38363-805c-492d-baf5-2c0b4ba0b6b6,Danielle Watson,22,Male,56893,48072.43,27661.48,648,0,0,0
1c28615c-291c-4880-a80b-b6acfffa7050,Hailey Jones,26,Female,43082,28708.78,32229.29,315,1,21510,1
30803d18-1ee2-4e1a-8b07-7065cc5ebe8f,Penny Quinn,28,Male,37112,16643.53,8894.18,456,1,33891,0
90fa3a99-d10e-49c1-ac55-58dee11573c9,Christopher White,20,Other,34886,24105.43,5131.2,726,1,9523,0
b8f39521-b9a5-44e0-b5b3-73cf040844dd,David Alexander,27,Male,42358,33175.39,16657.82,329,1,19527,0
b583c2c4-7654-45b2-88b9-eb19ba0499bd,David Perkins,28,Male,47421,27025.98,9498.01,410,0,0,1
5edf45e1-a143-42ce-9d87-e768663e12a4,Janice Evans,29,Other,15187,9607.63,4248.2,633,0,0,1
9ffef84e-c3b9-4962-8475-bd8e682e3e55,Justin Roman,20,Other,28343,24623.86,19325.76,748,0,0,0
9c9a2004-7199-40fb-b147-681d1f9d94fc,Stacey Adkins,23,Female,26172,11874.33,4031.39,387,1,40665,0
5365eb7b-8849-4a3b-9e4c-22b6b8e5cacb,John Hampton,20,Male,53015,36070.27,5344.39,432,1,18614,1
6e7e9bed-986e-4fa2-b104-8421912e7fc8,Jonathan Jordan,23,Male,44890,26938.41,7862.06,716,1,27274,0
a97a4802-1c70-4d6e-9241-8ad086e828b7,Gary Harris,22,Other,35998,28720.14,21385.83,428,0,0,1
161f2ed1-a1fa-43f5-b9ed-b4cc490a068d,Angela Hernandez,22,Female,31991,24391.34,8141.45,850,1,37389,0
ebc936c7-9951-4995-8ddb-bb49462d3d85,Erica Villarreal,18,Female,14042,11051.25,10014.26,384,1,23022,0
f9326227-2442-48ed-a9c2-fedf14c203c4,Cassandra Johnson,25,Male,27234,17731.9,9016.96,307,1,48555,1
b509a22b-059c-4ad6-ac01-8d4ce5021a69,Craig Smith,28,Female,15211,11139.84,11553.81,424,0,0,0
08618611-899c-4972-833c-f2455fb5242e,Randy Gonzalez,20,Male,47165,32964.83,30942.49,690,0,0,0
4595e987-1840-48da-b9ea-32628b1f64d6,Stacey Serrano,19,Male,47785,26010.42,11926.36,391,1,7591,0
21c7c772-f6b2-4792-8421-ac2bc2bf2bed,Victor Smith,26,Other,28677,17687.83,11543.46,653,0,0,1
9edcca99-3738-4e82-9d54-26ba7348feb8,Laura Davidson,20,Male,55582,45112.15,24586.23,319,1,11661,0
1431efc7-0e16-49d5-96a1-e4a3c2103d89,Rachel Johnson,21,Other,37703,17251.65,24137.55,678,0,0,1
b96db619-6a81-445a-bd5a-63b351c2cc41,Thomas Miller,30,Male,27511,21998.15,20523.69,782,0,0,0
ad09d22c-e995-407a-84c7-5520ce28539a,Mr. Stephen Santiago Jr.,26,Other,51268,34727.71,39259.97,460,0,0,1
af294d30-a991-453e-a37e-8e3e8962e999,Jennifer Henderson,26,Other,45308,20444.61,5027.44,713,1,5855,1
e808d8f0-8c26-4ecd-b4ce-96eb7074920c,Peter Ross,26,Male,27447,17805.1,9832.08,569,0,0,1
81e80be9-8f4d-4065-82ff-5ebaf38ef4f7,Kevin Martinez,20,Other,28266,16206.41,19903.79,500,1,41672,0
71fbbbd7-4d2b-44ff-9ad7-a69feba09d27,Ian Johnson,20,Male,41629,18550.2,21145.46,558,0,0,0
a231230f-ba0f-4f63-ac80-99744e4bf6f6,John Campbell MD,27,Male,14974,10819.34,8890.95,749,0,0,1
500ca1b2-2a79-43ef-a127-533648339527,Jordan Allison,22,Male,48427,24420.82,27884.75,786,0,0,1
1038cd01-ffb9-49ed-8462-9d5d02427081,Elizabeth Moore,28,Other,31612,23656.84,3789.65,324,1,42020,0
a0f0411c-4349-4c18-b14a-3292c8546eca,Mark Hopkins,19,Other,15930,13908.52,10434.78,845,1,12738,0
cb126f23-4bab-4770-a1ba-5b0ee761a8f0,David Anderson,27,Female,22167,19879.1,7849.19,395,0,0,1
f1a0da4b-c331-4e45-b956-2969784d7898,Sarah Alvarado,29,Female,22530,19727.5,14625.19,309,1,6626,1
a7077534-1baa-41c4-9938-ff6cf80c75fd,Rachel Williams,18,Other,51372,28560.46,20260.07,806,0,0,1
f0ad56d0-c8ba-472b-ab12-29b3102e83b8,Stephanie Pollard,23,Female,51356,40362.05,31933.37,387,1,11532,1
40e76af0-9f81-4c1d-9202-9eb9a969afa5,Kathleen Stevenson,19,Other,30862,24781.67,17971.21,395,1,29757,0
7461a1fe-70d2-45ca-924d-8fceb4277e15,Christina Porter,29,Other,14490,10563.05,7125.84,764,0,0,1
af0632aa-b5d9-4d27-8cd2-78da22aabbd1,James Vazquez MD,26,Female,26193,14656.97,17181.83,422,1,33921,0
84c864b8-c7fc-4151-b633-a1d60825c183,Brittany Shaw,30,Male,46381,36387.62,23078.4,618,0,0,1
514e872c-3efb-4026-86ac-b13cd4a6337d,Brandi Castillo,24,Male,52026,28031.67,11791.24,624,0,0,0
531842ff-15f9-4df7-95d6-ebf54af2fc83,Ryan Howard,18,Male,34662,23879.66,7878.24,369,1,45664,1
229cd5a6-a649-4e86-8a2d-92836e1aa19c,Kevin Dennis,25,Other,13434,9815.01,9614.03,399,1,10201,1
75fef645-ff90-494a-989d-503e2c29c428,Arthur Gilmore,23,Other,49768,23034.01,35603.2,706,1,29038,1
280b55fd-62ea-467e-8611-cb0e31021887,Melissa Gonzalez,22,Male,42642,34950.83,9579.79,456,1,6300,1
cff03e43-f09e-4e2d-8681-87b9a98ca2e2,Christopher Zimmerman,22,Female,29294,18277.26,14259.85,493,1,23473,1
8818196a-30d6-4c0b-ae82-fd30141ecd77,Cassidy Jordan,29,Female,16451,10262.15,10597.65,840,0,0,0
2a0e74cb-96dd-44ce-a7b8-d3941c24b8e6,Daniel Johnson,24,Other,27620,13365.2,20095.11,514,0,0,1
c0165b81-b4f2-470c-9b96-85ddbfd6fd5e,Jill Turner,26,Other,11174,7434.62,6250.38,348,1,9571,1
5b91c22f-a4b2-4aef-a760-f0118721c9b1,Megan Winters,25,Female,55089,34552.15,37731.64,740,1,5278,1
0aced396-5f64-412f-ac68-d52a6eb8fe78,Frederick Stanley,18,Other,37881,27406.53,13209.88,385,1,10800,1
57ec1dc6-1598-4107-934c-1aeabe2e27de,Christopher Carr,27,Female,56018,37039.29,41098.76,347,0,0,0
6fd899e9-d5f1-4e95-b929-12cb2768d37c,Jennifer French,21,Other,10713,9427.21,4839.58,510,0,0,1
22896033-bd7b-4c3b-99fe-824eae273bd9,Emily Ortega,28,Female,22036,9652.89,10910.04,406,0,0,0
932b4d59-4bfb-464a-8fec-12110f725b07,Kelly Flynn,20,Female,35162,14496.21,23374.04,415,0,0,1
2e0ddf7c-c77b-4707-aeed-7c734c0e6fcc,Scott Brown DDS,20,Other,28378,12993.56,6362.76,547,1,33603,1
f1630852-8add-4763-bafc-4d4cf29d914c,Mr. Tyrone Brown MD,19,Male,41931,34249.71,30695.99,837,1,14748,1
e6f41587-ac73-4699-b776-27b321f78a81,Ronald Todd,27,Other,28105,22727.23,17603.09,845,1,47678,1
7fc219a6-51df-4415-9646-d473902264b1,Carolyn Rogers,22,Other,20601,17878.02,12743.71,317,1,40710,1
b72e8036-8dd9-423b-9a6c-435e5e97d45b,Michael Franco,29,Male,16664,9435.27,5853.86,508,1,24147,1
295c55a6-c719-4349-a3cb-57275f38b002,Renee Estrada,29,Female,22716,14354.49,4683.66,387,0,0,1
9e9f2393-ac51-4c4c-a2ff-087f9ebaeba3,Bridget Prince,19,Female,31315,24858.1,17733.45,476,0,0,1
ed92d1e8-da8e-4450-bdde-493e1d08229e,Amber Thompson,21,Male,38736,17796.57,14288.85,515,0,0,0
dc42301c-cf97-4bce-992d-b8d75b58ad8d,Louis Griffin,20,Other,28749,15817.9,20488.58,458,0,0,1
c5f56630-7969-4ace-b40e-3e01b65cffe3,Antonio Gray,23,Male,33978,22795.45,16760.47,401,0,0,1
a67aed3c-d30b-4448-a044-89720dd904c8,Michael Vasquez,28,Other,21334,8616.77,14272.66,616,1,13404,0
3e25c327-9848-411f-884d-3e99ef10e588,Robert Valencia,21,Female,28423,21476.62,13847.65,497,0,0,1
3fd504d8-37c3-453b-a872-5207d90f1671,Craig Taylor,25,Female,53099,45436.73,19339.58,665,1,19113,1
95d404fd-b4af-4259-b2f7-c94be181e36d,Paul Michael,19,Other,36384,21391.7,20847.16,750,0,0,0
ff7db566-9cd1-4ed6-9fdb-6ddf3e6903eb,Manuel May,25,Other,53193,43752.72,9211.29,819,0,0,0
5e641e9c-711b-446f-a1a2-8c8488068219,Miguel Glover,19,Female,45087,34771.49,6992.69,758,0,0,1
44755f30-0807-49d0-ad88-8a06462f586c,Joshua Edwards,24,Female,42817,30952.66,27855.65,702,0,0,1
456534a9-7e2c-484b-8b09-d788a06e6c3f,Karen Rogers,28,Other,13122,7296.67,3657.78,591,0,0,1
60582c93-f8fb-4160-a958-3bbae4cee5ad,Paul Burke,29,Other,19054,11926.84,4154.54,585,1,31241,1
dacbd976-ec7e-42fc-9957-f9f64853a8f3,Michael Burke,18,Female,17719,9761.94,3045.53,646,1,7985,0
20a4a934-459a-4b44-979d-b21725024ad1,Mark Nguyen,29,Male,35571,25122.81,4292.61,694,0,0,0
54aaba3f-6bbf-4df0-9879-de323a7f7511,Katrina Williams,23,Female,56668,47785.65,6340.15,775,1,15071,0
b6fea5d0-985b-4e2a-8079-d800c44a21c0,Willie Wilson,22,Other,46749,37868.59,23101.18,464,0,0,0
2f31d677-48ae-421f-a4e7-2062ac9d7974,Robert Williams,19,Male,11698,5850.44,8968.25,641,1,23523,0
73e2bf16-a1b0-4265-8ceb-698ae9625a59,Scott Smith,28,Male,41359,22108.15,24497.65,327,0,0,0
4abd0706-9116-41f9-8bf5-f8530396828e,Barbara Smith,21,Female,20993,10456.79,15213.1,807,1,40368,1
81160af5-3101-4d95-8765-bea90b9690cd,Miranda Crawford,28,Female,37811,33865.45,28800.82,556,1,48179,1
204c37fd-cd80-473d-99e9-6c91b389d413,Megan Green DDS,29,Female,46822,21039.61,13843.45,770,0,0,0
cf9b388b-a02f-4a0b-9f08-c49301b9fdef,Steven Greene,26,Male,56490,35568.35,30040.27,417,1,48969,0
d79046a6-68b0-462f-af09-263ce82f2b9b,Mary Garcia,24,Female,29707,13411.51,2996.48,401,1,21739,1
2cb13885-bf03-4bfb-b6df-527e6845029c,Alex Wells,30,Other,48503,37138.21,8796.29,812,1,40510,1
daad7785-de84-4229-887c-c39ba5fa2912,Mark Knight,25,Male,37216,22849.9,29341.25,768,0,0,0
14221332-e213-4559-9c9e-e3bc255582e4,Stephen Murphy,23,Female,41343,33536.53,7969.11,596,0,0,0
b0252148-fc9f-4b56-b4a7-910e8b912130,Michael Clark,25,Male,37748,18365.65,26781.31,591,1,47051,0
5e7c419b-db54-4596-b423-6ee354920d25,Tammy Blake,18,Female,45242,25919.97,35164.42,485,0,0,0
de599f9e-30b7-4c9a-b7c7-728df0b402ff,Jeanette Jackson,26,Other,14579,13071.69,10619.5,535,0,0,0
e2e6c89d-b710-4b74-a3ba-4fca0e4d043a,Sierra Marquez,22,Male,37180,24345.88,22668.85,832,0,0,1
dd148b61-8da6-454c-a8ec-6a8c7ebd630c,Heather Mccoy,27,Other,46547,36460.06,23383.52,303,1,25789,1
b1059a68-d50e-4690-8198-1ae62b96646a,Shane Mora,25,Male,58901,43438.45,6773.76,737,1,9053,0
0c6af2f9-b9b9-41c7-91bd-4a182e610bb7,Sara Hawkins,19,Male,56743,49159.03,42563.04,800,1,36913,0
868750a0-e264-46fe-a76f-de6ff0aa8e9a,Amy Bailey,27,Other,56637,25346.98,31754.41,770,1,21659,0
a6612a47-997c-4bca-a783-4b32507c24bf,Brent Wilkinson,24,Male,35436,15934.43,8771.33,793,1,28914,0
58ba6a46-1066-41f9-b270-fd38a6ccceae,Maria Trevino,23,Female,41449,26079.4,19657.88,842,0,0,1
3d1b9bb1-e1a5-410a-a30d-eaa706ff828a,Ariana Roy,22,Male,47885,41176.69,7124.66,688,0,0,0
c1a6e6f0-46b8-4215-9cb0-896737d01c43,Nicholas Humphrey,20,Female,16716,11959.88,8027.67,333,1,7949,1
95bc11c6-e4e7-45f0-b3b7-be118257959e,Cassandra Parrish,23,Female,40043,24732.81,13058.65,813,0,0,0
07543443-646a-4272-a89b-a779abcbe71c,Scott Taylor,19,Male,48208,30670.93,15372.12,678,1,30495,1
edef4c75-0da8-4d4e-ae52-7e9e166be502,Tamara Ferguson,22,Female,53980,30537.22,36769.31,726,0,0,0
e1f7ac45-2d04-4501-bc11-dd69d278d4f7,Donald Sims,20,Female,22408,15068.38,3883.28,424,0,0,0
378f1cc5-07a6-432b-8f08-e0841fcea470,Dr. Melissa Benitez,30,Female,58004,36197.16,29800.04,503,0,0,1
462272e8-4d80-4fb4-b7e7-af7358d567cb,Sean Fuentes,22,Male,56808,49005.56,33517.47,667,1,5442,1
6123037d-8571-4ef8-946b-069b83a7b6ac,Jessica Ramirez,23,Male,42835,26385.51,6968.51,372,1,25894,0
7782df90-47e6-441b-9f56-8a64cf94c2d2,Timothy Brock PhD,23,Female,14031,5917.12,10648.48,532,0,0,0
5080e8b0-9c6e-4009-b8b3-a8768bc4fc0d,Nicole Kelly,25,Other,23919,11171.36,7782.95,669,0,0,1
f8ba9487-98bd-4c5e-a0a7-076b506befbb,John Ramirez,25,Other,27275,18306.6,19419.52,439,0,0,1
2f28413f-be10-4775-838c-2a9e1e2988d0,Timothy Porter,20,Female,22894,19564.3,11985.64,364,0,0,0
ea656c63-d134-4f7d-9976-74175b92e120,Ashley Duncan,23,Male,17077,11562.19,10561.78,589,1,10482,0
8cf7f2d6-24b3-4ea6-95af-6dfe2cbd2c1a,Jeffrey King,23,Other,49442,33589.25,15105.79,722,0,0,0
1cafb536-d29f-414e-9515-efc3db2edee9,Richard Wiley,26,Other,54810,31697.49,8228.2,335,0,0,0
16b9d9ff-3833-4976-acfc-bcc6c1d016e2,Sharon Khan,28,Male,46393,40277.13,23681.66,590,1,9198,1
0cd6c2e0-4a6a-4673-ba0e-00bcf310c22d,Matthew Smith,25,Other,45451,28405.52,18878.23,431,1,25304,1
24ff7375-252d-44ef-b2eb-43a0aae6373d,Tiffany Camacho,21,Female,47826,36625.15,22229.55,393,1,13971,0
4239f942-01c6-4ec9-a056-07229583e4fc,Jacqueline Benjamin,19,Female,28500,17764.85,3064.79,411,0,0,0
b6ce78ad-794c-41ab-97a7-10737e92ffbb,Mark Valentine MD,23,Male,41567,22970.26,26910.99,807,1,5535,0
54400997-045f-4e28-baf8-0efa0e5ff0b9,Michael Bridges Jr.,22,Other,41680,21413.02,18648.1,460,1,44571,1
f97e9082-2f78-49fa-b4d7-4bd68211d989,Jennifer Wilson,27,Male,31730,13881.41,24224.21,575,0,0,0
423d4eb6-7fa8-48d1-953e-1c6e16ee1ec5,Michelle Jenkins,29,Male,48747,19540.5,9777.26,587,1,45755,0
dfa8c8bf-e1e1-4024-8ecb-8cdb35bc45d1,Charles Elliott,29,Other,38730,22466.45,19024.94,605,1,35830,1
a7054d1a-fbf9-4c05-9248-b91d5ecc7cd7,Paul Hernandez,30,Female,24120,19657.77,7759.02,486,0,0,0
fdc198b6-2350-487d-aad5-0f37095bd6fd,Melissa Miller,30,Other,22031,16182.48,4909.16,709,0,0,0
ac888df1-f5ca-4d0d-8b35-32eb7e759426,James Drake,27,Male,42262,34495.28,33397.81,424,0,0,1
de3e3f7b-c2fc-436f-826f-526049744eb9,Anita Patel,22,Other,53632,32926.61,25142.23,460,0,0,1
5aa43112-fe6f-46db-a81e-379dee9558b0,Douglas Nguyen MD,26,Female,15076,11631.57,4613.05,394,0,0,1
95b1160f-0f43-4561-a232-bbb1739a110f,Michelle Lee,18,Male,56842,38198.93,7276.05,606,0,0,0
fdde766c-5f3c-4ac4-810d-29679d770eb1,Angela Heath,28,Female,50682,44041.61,15440.25,502,1,42929,1
19db505c-234b-4e95-b571-ac91646bfd1f,Kelly Olson,21,Other,49133,21367.71,36585.1,690,0,0,0
34929b01-7778-44a3-9acc-891e29a2a2c5,Tyrone Davis,29,Female,25199,20375.32,6902.16,579,1,43732,1
b80a4a12-1f61-4c17-ab52-adf4731e5c77,Brittany Harris,29,Other,37782,32541.67,15386.0,844,1,40305,1
719d89fe-6d8a-430d-b0a3-15b7cc04d8f4,David Arroyo,25,Male,56491,48676.14,6912.82,338,0,0,1
ba318329-ee32-42ef-b782-a4533dc499d0,Jose Hall,22,Other,22476,16380.97,13250.01,756,1,42025,1
0642d048-8b64-474e-bec4-1320d9208135,Allison Hayes,18,Male,55499,32481.85,11387.66,487,1,20302,1
399381c6-2cb9-4e66-b5ed-5e65312863c3,Anthony Mcdaniel,19,Male,49572,22815.81,34012.9,432,0,0,0
a3f7b712-3c01-4429-ad5b-dcb10ae0e979,Natalie Reed,29,Female,48747,39329.59,12016.47,421,1,41682,0
29bfc6d5-5ea0-493d-8237-21e00dbab637,Brandon Gray,24,Male,41357,22052.41,19757.06,348,1,27343,1
2a1cc925-bb64-44ca-a61e-90bb4ed164b6,Patricia Cervantes,27,Female,53188,35912.87,13349.97,654,0,0,0
65a6d3d5-1eeb-4631-86a3-c1f7142aae9c,Richard Franklin,25,Male,20527,8473.34,9075.87,782,1,45431,0
54ce2c8a-984d-464c-8485-257db1785674,John Holland,24,Female,32067,21047.76,16354.6,364,0,0,0
fbb69b8f-be5e-40bd-92bd-a2e77f79333d,Ms. Jacqueline James PhD,29,Male,36619,18755.18,26001.4,548,0,0,1
797f629d-8ee0-4800-9bda-5e8d9748cbb1,James Ramirez,19,Other,55072,30146.33,23425.14,790,1,22821,0
a1319503-4595-42fa-a003-a9be495165cd,Brian Shields,21,Female,56071,39491.33,34154.96,750,1,22879,0
0aaca148-4fd0-475a-a9c6-7fd4b5805819,Richard Benjamin,20,Male,43160,28912.24,13559.13,674,1,45988,1
90e80627-01a5-447f-bfa9-c8d5ceddf4b6,Gabriella Adams,23,Male,42215,22436.35,12240.32,499,1,15427,1
d995974c-d232-4dbd-8ba8-7edc2e1ac5e6,Julie Greer,30,Male,21512,14561.64,14170.34,601,1,17669,0
4c559fbe-cfba-4688-a07d-021c87c16892,James Graham,29,Male,47137,35151.26,22906.74,605,0,0,1
dcad978f-dc16-4c7f-abf1-5ad8802bf603,Amanda Hogan,20,Other,47136,37766.77,34077.6,452,1,18894,1
5d8a598e-4e06-4211-9101-37297146b16f,Katie Ferguson,21,Male,19199,11899.07,3650.1,714,1,22947,1
c691c1ea-3ab4-4594-aa9f-ef102a3a9ac9,James Solis,18,Male,35869,21511.59,25444.73,488,1,38014,1
ce8f5938-e9a6-43f8-bb3e-f75efa9c33c8,Kimberly Potter,23,Male,40788,21130.24,18271.61,733,1,12367,0
9d757dcd-8a92-4e76-8281-b48c9156a1cd,Desiree Mills,20,Other,10255,6049.34,1855.36,402,1,34386,1
d03c5a87-97a7-485e-989d-d745b8946189,Tasha Mitchell,29,Male,29022,15837.61,12482.12,694,1,34201,0
a91cee0b-04b4-4649-af90-dba7d150421d,Melissa Rogers,24,Female,41402,26150.32,25146.01,472,0,0,0
3df710bd-0b55-4631-b5a8-bad664c217ac,Linda Conley,19,Female,14866,8590.39,10757.86,607,1,17330,0
cc77ca03-16c0-4499-8766-d6c79c9b093b,Kenneth Jackson,25,Male,39123,31364.38,12834.16,346,0,0,0
134af292-8eee-4307-9acc-0dbe887280ca,Belinda Henderson,23,Female,31179,20719.83,21994.47,417,1,30819,1
a09cbd9a-dd5a-4e1d-bd54-110881ff55da,Tara Thompson,20,Male,59887,37175.96,15355.08,605,0,0,1
417a144c-b8ea-4e38-88c8-593cc90905e1,Benjamin Day,25,Female,43823,26782.69,26386.17,553,0,0,0
a993f0e6-85ee-4493-8505-063994309ccb,Jennifer Hernandez,26,Female,56634,45545.75,30127.81,326,0,0,0
5a8e4b0b-a8f6-4e8c-82ea-a012a7cb50c1,Sherry Moore,28,Male,36714,19453.53,27744.56,848,1,48803,1
93580b8d-fc16-4fa7-b4ed-abb0d5a9aa69,Ann Allen,23,Male,35389,21937.41,4419.5,678,0,0,0
10d0964e-ba0e-4bff-8f8d-54883ebc7ca2,Theresa Hicks,18,Male,16276,9317.48,8671.82,722,0,0,1
947d0336-0dd4-4041-a304-86586c7653b8,Christopher Guzman,24,Female,15527,12611.99,7269.73,527,1,8345,0
1b2bc703-5d55-48cb-884d-f42a98253bae,Eddie Dunn,22,Female,42578,22307.92,12959.87,712,0,0,1
c81f2527-6563-4159-a04a-bb6d6d6f4c47,Jessica Monroe,19,Female,12173,10813.23,8709.56,392,0,0,0
01e21cd7-e0eb-418a-ba5f-2442e532a83c,Daniel Mitchell,30,Female,17177,11415.88,2289.92,472,0,0,1
767111b4-89c7-4325-a3d3-cea81db13a02,Adam Lopez,27,Other,33231,20995.12,20751.94,486,0,0,0
e07c0cd5-be3b-4edf-a85f-02b7f3b5fab5,Stephanie Ford,22,Other,19718,12397.51,15145.23,361,1,33381,0
bc07fece-6931-4233-890c-b7f78b945cc3,Dr. Michael Rivera,22,Male,16773,7772.54,7258.39,546,1,35798,0
79e94986-a6b6-4141-b938-19d7f9b27d76,Jordan Miller,22,Other,46358,36334.98,23291.51,354,0,0,0
11adde4e-107e-45a0-8602-eca1c48d0c7e,Gregory Gamble,28,Female,28309,18320.56,7858.45,616,1,34886,1
5aec6425-74de-41e5-aeff-ba72d831c3de,Mark Wood,26,Male,36111,27592.16,8362.06,813,0,0,1
bde9b949-f84a-48c3-a5c4-7d1749b5d26a,William Hughes,22,Male,59560,45836.16,23811.21,768,1,22579,0
dfc40a23-fd0c-4077-85a5-0afcf402ee39,Nancy Hutchinson,26,Female,31272,17661.85,17629.94,846,1,36768,1
23881c7c-306f-4c4f-a388-86ab8f2b55cc,Jessica Brewer,19,Female,38264,21377.08,7936.05,598,1,15265,0
b815a644-a67e-4b3d-a543-71f33fe13351,Joseph Michael,20,Male,27276,17742.86,21338.04,604,1,31631,1
f6f5d650-0781-49a3-86ec-1a10ef76665c,Matthew Cole,28,Female,55273,33921.75,5628.4,322,1,17611,0
3b4bac25-08b6-4ae8-beec-3324dcfab4a1,John Hampton,23,Female,42964,23412.65,8693.28,737,1,17773,1
0a4cee21-ca25-4d4e-a419-fa9c4dde5d8a,Brooke Diaz,22,Female,24912,11243.62,8843.05,523,1,11396,0
530fd78c-009d-477e-bcf8-b723cb2fa1d8,Carl Clark,24,Female,25594,18962.57,13506.96,595,1,27252,1
e6a1c0cd-e7a5-4d84-8e4c-7fbc5f00859f,Andrew Clark,29,Female,22785,20468.57,8111.3,577,0,0,0
45f0a8f3-0f0c-4ab5-9a93-d60b30814748,Kimberly Brown,27,Female,34241,19320.64,6959.79,810,1,21959,1
c3087441-c8f3-4c69-aec1-0fe6611abf51,Breanna Spencer,21,Male,16707,9393.64,4767.11,302,0,0,1
5c4ab4e2-d7df-4a11-9a9c-853933d9c2ca,Michael Lawrence,28,Female,19636,7957.0,11267.31,833,0,0,1
7fbd3ebe-1468-4488-9e9f-b37f5176b852,Jennifer Anderson,22,Female,37862,23661.17,5755.04,489,1,6778,0
9e229757-afa7-4530-8f31-b74b041ae157,Katie Roberts,30,Other,39001,23095.57,8518.26,732,0,0,0
9225c36e-a372-4dae-8d5f-4c6cb7b8480b,Michael Kelley,29,Female,46323,21122.24,17559.19,415,0,0,1
c5a673cc-dc3b-45f9-ad8b-c39fbebe92e4,Savannah Brooks,30,Male,33567,14401.34,25174.83,653,0,0,0
31d8cea2-613a-420d-910d-08bfecfc9f5a,Justin Jones,26,Male,29613,26534.51,6819.82,644,1,29090,0
d885f28d-99c8-4f44-9144-518770465c3d,Joseph Smith,19,Female,50510,41193.59,8681.53,440,0,0,0
7cec6b6b-288d-4c30-b6c8-5ec2a0bb2c79,Michael Reilly,20,Male,11191,9466.05,1825.23,844,1,43377,0
afa5c90f-b30c-463d-9723-f4dd1b721a01,Danny Williams,25,Female,47028,37172.05,25113.13,828,0,0,0
8ff6d400-4304-45c4-ba9d-132ef72be4ba,Kim Doyle,18,Female,36183,17892.9,10126.36,302,1,40378,0
29e0357d-f4c7-4ec7-815a-d36f092192b6,James Sawyer,25,Male,49824,21467.49,32701.48,806,1,34352,0
53c512af-31ce-4cb2-9541-577020496660,Shannon Todd,22,Male,38973,26117.37,24491.44,460,1,21416,1
d318da75-ee10-452f-ac74-aae292fa1ddc,Edward Dean,27,Male,37691,20418.04,16453.87,705,1,30691,0
afcca530-ebb7-4632-b48c-b26ca3fc831a,Allison Sanchez,18,Male,43846,31353.68,15267.41,810,0,0,1
8b52f02d-6e6d-433f-8405-072f7499c365,Kayla Brown,20,Male,46526,25303.5,5726.51,693,1,11276,1
458d11d5-7c9c-40c7-8519-b2a2b6cc79ea,Sheila Morton,21,Male,26784,11576.95,2962.34,708,1,5651,1
c46792c1-57aa-41c4-8c52-00a9c1a193db,John Rivas,29,Female,23909,12908.79,7699.37,327,0,0,1
5a1563c0-78f2-43ec-8285-b816fc82cd4b,Kelly Wagner,30,Female,58962,34973.11,38982.01,672,0,0,0
2982e38b-854d-4734-8ca5-37f2d07fd29c,David Gibbs,20,Female,33920,19313.67,6103.28,356,0,0,1
6d2cc800-c005-4229-beab-1bcde489ec33,Terri Cooper,21,Other,59921,27376.4,34571.73,697,1,12570,1
caf2a376-d6c2-4dbe-80de-807e3f1a1162,Jason Jennings,24,Other,32980,13905.99,12787.55,846,0,0,1
312cf033-d173-4f06-99bd-6f6cda833356,Michael Hernandez,23,Female,39069,32772.74,12406.96,534,0,0,1
7558b617-6a6d-4952-a4d0-600c2c17a0c9,John Johnson,25,Other,57165,47867.23,7262.67,564,0,0,0
fde9c95a-8edc-4f75-8e62-ee523131563d,Ralph Scott,20,Other,19827,13682.37,3341.07,764,1,46718,1
3d54a20b-1a83-4cb6-aa74-2fdd6c73eaf7,Jeremy Wise,30,Male,47765,41158.14,28259.81,751,0,0,0
aede6bb7-8183-481f-9e69-af4ba8c2d78b,Gary Coleman,23,Other,41574,26982.48,32321.4,537,0,0,0
5c709b06-f59e-428b-a355-ebf5afeb276e,Linda Rowe,22,Other,58944,49496.32,25350.38,342,1,46591,1
33696d0d-622d-4ff6-b0cc-9a6f4fcfb638,Todd Davis,21,Other,20900,15910.84,15267.82,826,1,21109,0
f2812c11-8413-446b-a7bf-e5cda10ec4a9,Kara Perez,26,Male,14102,9595.83,1789.09,471,0,0,0
1227ac8d-7537-4458-aa6b-a483ca7391ea,Elizabeth Bass,22,Male,55877,46536.84,5701.18,693,0,0,0
2e98dd15-53a5-401b-a029-33cf39674c95,Glenn Schmitt,25,Male,34988,15971.12,25028.27,688,1,41218,1
48219db4-6b4e-4a26-8dac-fd354d5e5a09,Joy Montes,18,Female,58860,24088.19,29537.63,723,0,0,0
4483bd91-1404-40b7-8d8a-7ad2201e1239,Michael Martin,25,Female,53109,40027.73,10741.64,537,0,0,1
d52cfc9d-013f-4965-8866-ec564b326c23,Antonio Price,25,Male,44180,17725.76,8983.92,674,0,0,0
464e1116-6037-4038-8a7f-e08cd494050c,Nathan Duncan,27,Female,48710,39550.84,12248.14,454,1,43824,1
30ce1e1f-4e94-449b-8ef9-8b685bd97413,Craig Williams,19,Male,16468,8827.92,12095.23,372,1,7313,1
22696348-ca0d-4b87-b355-a659b3ef61a9,Lauren Taylor,21,Male,29809,18405.3,4076.88,753,0,0,0
e5c86056-9c90-4f69-92c1-1ff67cbc41ba,Jeffrey Mosley,21,Male,44520,36079.78,4914.47,706,1,16476,1
75d66405-aacf-4a2f-8b6c-a46e0c0a28ee,Carlos Wade,25,Other,13347,5986.83,3551.64,490,1,30742,1
351b3122-8428-48a5-ad0d-44723d1cad0e,Lawrence Allison,30,Male,45969,26513.86,27618.13,685,0,0,1
a8e870ff-fcc7-438b-9500-1e650309f83f,Jennifer Fisher,27,Male,56433,39724.27,36836.03,525,1,45512,0
4d23761a-3f65-4f57-9dce-03b27e34350c,Justin Young,20,Female,43506,34662.1,17932.51,598,0,0,0
16d2dcae-ba17-43fd-8cf1-f8d8871b9c38,Mr. Joseph Gordon,21,Female,38159,24580.46,27540.86,735,0,0,0
e9436b5b-1cf2-4810-b872-41344edbe9c2,Elizabeth Walter,27,Male,27839,16417.49,19290.59,754,1,12136,0
d261e252-8091-464b-87b7-b44c8a1cbd0b,James Lewis,28,Female,12054,4979.73,3947.46,838,1,36492,0
7dcecf32-9119-4421-a90d-df19caa86c2d,Thomas Fields,20,Female,57457,38833.88,7222.62,390,0,0,0
7714a029-5faa-4064-84c3-773bbca431a2,Lori Steele,23,Other,47445,39724.55,7910.17,803,0,0,0
348bf953-9d62-4872-9cb3-5405e8c46969,Brian Singh,18,Female,28779,24419.82,10685.28,339,0,0,1
b0283047-fe89-4d52-9bac-64beee0746f1,Jane Roth,19,Male,59851,53490.82,39505.94,667,0,0,0
50384e12-3332-408e-9c05-eae4ef819b43,David Meyers,27,Female,32231,21655.29,14515.19,684,1,10018,1
da33dcd1-3100-4d80-8227-96a402aa3ad1,Danielle Mathews,30,Female,39966,23112.84,12615.15,629,0,0,0
b82db3e7-5368-4f53-b612-4a3077e0ee57,Ronnie Cole,30,Other,26742,13073.83,13243.47,707,1,36084,1
77528742-5993-4304-bc7c-dc42eb1788de,Ronald Austin,29,Other,44845,30232.33,28840.12,766,0,0,1
4cc48fab-b417-4c5d-8811-18c12a545468,Wendy Harris,30,Female,48566,32995.21,28810.86,449,0,0,0
a6d3667d-b0a4-4993-a74d-5e96a64ce3a7,Brandy Holland,30,Other,56428,37241.22,19702.25,813,0,0,1
f88f9598-2e72-4fe8-ae2e-75de8e8350ad,April Robles,27,Female,46985,40644.24,26778.48,511,0,0,0
999b5b5f-453a-4104-baa3-edc940b186ff,Joseph Lane,22,Other,53039,34022.16,34736.38,847,1,36996,0
f7ab629c-dd4b-4203-8ab1-101241a26da4,Anthony West,19,Female,21161,14472.37,16040.95,573,0,0,1
4902d058-5c78-48d5-8ee6-24281b8a1d30,Barbara Gutierrez,30,Male,33017,28025.57,17101.86,721,0,0,0
2216a05f-4268-4c1c-8890-48a5e33906f5,Lisa Warren,21,Female,45343,30240.36,21830.95,319,0,0,1
762568e5-84b5-4847-b6f8-282746ee1829,Jeffrey Warren,28,Male,16634,14833.73,6189.47,351,1,13065,0
f3186968-5eb2-43c9-8764-893f42896271,Tiffany Hudson,28,Other,56110,31232.86,39625.09,379,1,28562,0
24acb28c-0100-4cdf-807b-86285078e487,Catherine Thomas,18,Male,23037,15279.02,3213.01,736,0,0,0
51d18f50-736d-4d2d-ae81-7bd00be41bd5,Samantha Watson,22,Other,29539,22875.69,10156.23,599,1,14241,1
4429ed81-e4c9-4d2e-a741-e13ef86c99cf,Rebekah Boone,30,Female,52138,41040.72,40634.33,434,1,8406,1
d524ed9c-61a5-4afb-877e-50f3f990b69c,Rebecca Robinson,21,Male,49523,32254.59,25972.29,365,1,25398,1
37699a4f-cac7-4225-88bc-1acd5839a16a,Donald Sims,26,Female,53415,43035.92,11011.53,743,1,19174,1
9549e3c6-8634-480f-bf8b-d6db67e2c980,James Robinson,18,Female,28748,15586.54,19128.36,700,0,0,0
193b4a75-beb4-4612-96f3-4a6c5c95f115,Frank Manning,24,Male,49686,41954.23,37496.25,502,0,0,1
df58d9f5-ffda-4271-bde0-4dbd2c88adfe,Amanda Myers,27,Other,49569,42154.48,33472.86,669,0,0,0
4bb8b789-bcf5-4d18-abcb-3dfdd66bd483,Marvin Fuentes,18,Female,55195,45038.75,42476.92,486,0,0,0
